0.079106,0.079106,-0.903497,1.116125,1.6382,1.003448,0.028774,0.03005,-0.120485,-0.120485,0.667496,-0.312815,-0.032064,0.462654,0.462654,0.50726,0.381774,-0.173109,0.075566,0.182602,0.241339,0.128828,-0.005551,-0.234381,-0.060061,0.134305,-0.119217,-0.118415,-0.034857,-0.152736,-0.30275,-0.258284,-0.153046,-0.183976,-0.160971,-0.241554,-0.12605,-0.047558,-0.180656,-0.223321,-0.269544,-0.132218,-0.247598,-0.167151,-0.226787,-0.226787,-0.221194,-0.124525,-0.215384,-0.292342,-0.2096,-0.350283,-0.212305,-0.101916,-0.125474,-0.171308,-0.392737,-0.333702,-0.049047,-0.161384,-0.332913,-0.323573,-0.260746,-0.386039,0.073956,0.013228,-0.134901,-0.114447,-0.151736,-0.265312,-0.265312,-0.192506,0.006082,0.006082,-0.056635,-0.209398,-0.160216,-0.135851,-0.27988,-0.181434,-0.129874,-0.041725,-0.176548,-0.257786,-0.257786,-0.239707,-0.216372,-0.08794,-0.227259,-0.143374,-0.308963,-0.269968,-0.191018,-0.24424,-0.2092,-0.167918,-0.22767,-0.193271,-0.193271,-0.20515,Standing
0.377751,0.377751,2.952965,4.310925,3.256906,0.850679,-0.909276,-0.909276,0.205036,-0.480176,-0.335057,-0.126666,-0.25153,-0.26917,-0.26917,-0.300983,-0.300983,-0.371338,-0.193407,-0.597333,0.11343,-0.162806,0.008696,-0.374925,-0.30439,-0.026558,-0.35821,-0.515776,-0.046148,-0.144326,-0.284587,-0.317509,0.106786,-0.296796,-0.295219,-0.295219,-0.314541,-0.45851,-0.45851,-0.193004,-0.193004,-0.170549,-0.170549,-0.386525,-0.367479,-0.159422,-0.29598,-0.363492,-0.396972,-0.358613,-0.442344,-0.075491,-0.281528,-0.127631,-0.110878,-0.13422,-0.103901,-0.418226,-0.425436,-0.370799,-0.203984,-0.307469,-0.283588,-0.06342,-0.265932,-0.212629,-0.312527,-0.312527,-0.35707,-0.35707,-0.234194,-0.234194,-0.148623,-0.254128,-0.342918,-0.342918,-0.307717,-0.288853,-0.206991,-0.317809,-0.380047,-0.315195,-0.356792,-0.319121,-0.26593,-0.136431,-0.186955,-0.264595,-0.253146,-0.279518,-0.209648,-0.226917,-0.351601,-0.318476,-0.287704,-0.287704,-0.323383,-0.323383,-0.333625,-0.333625,Standing
-0.813905,-0.813905,-0.424628,0.316895,0.22858,-0.162312,-0.162312,0.002101,0.115463,-0.213192,-0.170978,-0.19408,-0.735282,-0.735282,0.158854,0.535213,-0.002833,0.356598,0.267763,-0.046865,0.213943,0.07373,-0.272301,0.182515,-1.154123,0.027075,-0.165281,0.467589,0.340399,0.344565,-0.042749,0.037069,0.294207,0.083426,-0.037534,-0.406937,-0.413721,-0.413721,0.363718,-0.265478,-0.156517,0.000758,0.000758,-0.178432,-0.178432,-0.171692,-0.200395,-0.214544,-0.214544,-0.153174,0.063053,0.063053,0.179371,0.051857,0.053935,0.497457,0.312984,-0.45548,-0.423346,-0.586515,-0.096851,0.27982,0.105545,0.213485,-0.033018,0.113327,0.04042,0.18582,0.18582,-0.37143,-0.529037,-0.383046,-0.569038,0.343049,0.016317,0.372194,0.133915,0.133915,-0.166765,0.111745,0.067615,-0.152504,-0.210563,-0.210563,-0.275255,-0.276954,0.122732,0.312008,-0.235399,-0.237537,-0.083255,0.034185,-0.171997,-0.085908,-0.100976,-0.255364,-0.066292,-0.20644,-0.544255,-0.544255,Standing
0.289855,0.289855,-0.669185,0.032063,-0.214649,0.161245,0.161245,0.374508,0.009226,-0.22163,-0.250171,-0.250171,-0.19129,-0.237181,0.024602,0.045449,-0.088422,0.116836,-0.040981,-0.005906,-0.118165,-0.320368,-0.352141,-0.082843,-0.145244,-0.065075,-0.206032,0.157099,-0.090782,-0.089667,-0.021792,-0.251117,-0.406494,-0.406494,-0.388804,-0.166848,-0.166848,0.248825,0.248825,0.065565,0.065565,-0.013468,-0.013468,0.138281,-0.414792,-0.080555,-0.370391,-0.365173,0.105718,0.029574,-0.025344,-0.299603,-0.036233,-0.368474,-0.322346,-0.350983,-0.104403,-0.082462,-0.262545,-0.252665,-0.345314,-0.025456,-0.174528,-0.389573,-0.389573,-0.134448,-0.047521,-0.300546,-0.280183,-0.280183,-0.061222,-0.184826,-0.171456,0.074311,0.074311,0.169604,-0.034963,-0.252296,-0.012065,-0.123294,-0.35616,-0.364173,-0.201348,-0.658953,-0.189123,0.088474,-0.230911,-0.529682,-0.20872,0.23262,-0.247923,-0.092958,-0.237319,-0.464912,-0.464912,0.059766,-0.186758,-0.121576,-0.097311,-0.294934,Standing
-0.123238,-0.123238,-0.249547,-0.272929,-0.272929,-0.247999,-0.247999,0.057938,-0.414336,-0.209641,-0.207963,-0.244664,-0.480659,-0.541445,-0.170505,-0.163592,-0.500759,-0.383513,-0.231258,-0.317262,-0.303213,-0.247581,-0.224929,-0.29169,-0.368543,-0.493966,-0.538343,-0.197963,-0.425296,-0.112202,-0.096756,0.009953,-0.095304,-0.349209,-0.384541,-0.21834,-0.56134,-0.472509,-0.466006,-0.33316,-0.33316,-0.152759,0.126049,0.126049,-0.222382,-0.300425,-0.334084,-0.229844,-0.284137,-0.259468,-0.28933,-0.017219,-0.275337,-0.163792,-0.118462,0.066911,-0.437651,-0.372138,-0.399787,-0.494801,-0.320862,-0.320542,-0.243667,-0.176471,-0.165394,-0.262801,-0.13506,-0.13506,-0.274737,-0.274737,-0.393796,-0.218647,-0.358995,-0.430887,-0.299961,-0.335768,-0.244901,-0.221669,-0.289886,-0.271927,-0.322526,-0.393257,-0.204148,-0.204148,-0.334238,-0.187027,-0.303481,-0.350969,-0.188487,-0.252127,-0.355216,-0.28292,-0.22068,-0.22068,-0.348184,-0.348184,-0.23318,-0.161667,-0.161667,-0.344005,Standing
-0.3573,-0.3573,-0.005055,0.188406,-0.00555,-0.375081,-0.283544,0.211903,0.025877,-0.362505,-0.578785,-0.578785,-0.222815,0.002264,0.002264,-0.036933,-0.242005,-0.022768,0.033525,-0.118403,-0.087369,-0.075718,-0.162595,0.006757,-0.007088,-0.050074,-0.122575,-0.139951,-0.225719,-0.15599,-0.078872,-0.210792,-0.158435,-0.153832,-0.142746,-0.139839,0.004515,-0.203208,-0.073545,-0.193343,-0.16446,-0.153626,-0.082524,-0.22291,-0.099052,-0.111554,-0.148033,-0.211418,-0.211418,-0.222309,-0.222309,-0.115207,-0.053749,-0.207728,-0.43624,-0.283781,-0.281281,-0.065364,-0.139124,-0.082865,-0.095815,-0.079236,-0.193218,-0.141062,-0.032606,-0.20488,-0.073502,-0.157331,-0.261936,-0.127153,-0.077237,0.002076,0.002076,-0.259686,-0.222965,-0.225002,-0.225002,-0.035717,-0.035717,-0.205923,-0.128067,-0.215574,-0.168657,0.019847,-0.154046,-0.118479,-0.179392,-0.176324,-0.105754,-0.304426,-0.188606,-0.164594,-0.262403,-0.147262,-0.090789,-0.131495,-0.227401,-0.077186,-0.151137,-0.074966,Standing
1.236069,1.236069,0.118106,-0.311451,0.800338,0.844668,0.131246,-0.480234,0.260514,0.260514,0.740892,0.658018,0.658018,0.297788,-0.05661,0.192675,0.706926,0.449775,-0.102489,-0.299811,-0.158126,0.913229,0.195741,0.038613,0.173197,0.224759,0.294611,0.24082,-0.097728,-0.212483,0.06307,0.385172,0.270845,0.063172,-0.166139,-0.166139,0.052837,0.440166,0.338334,-0.226871,-0.097223,0.283673,0.207846,0.3026,-0.063987,-0.051099,0.255495,0.30651,0.143369,-0.239967,-0.296719,0.133848,0.024248,-0.001337,-0.001337,-0.037977,0.049283,0.049283,-0.087127,-0.18223,-0.18223,-0.277507,-0.212138,-0.174911,-0.115059,-0.147204,-0.197319,-0.171559,-0.239426,-0.239426,-0.332834,-0.183435,-0.183435,-0.18742,-0.104579,-0.104579,-0.222097,-0.243674,-0.283531,-0.133568,-0.195639,-0.273036,-0.238282,-0.154017,-0.193151,-0.218947,-0.225876,-0.161072,-0.225257,-0.177608,-0.160954,-0.048382,-0.225044,-0.204552,-0.235572,-0.079782,-0.128078,-0.236547,-0.347654,-0.284163,Standing
-0.366403,-0.366403,0.12683,0.12683,-0.284847,0.301496,0.218163,-0.292671,-0.177331,-0.372362,-0.119532,-0.309108,-0.098715,-0.253626,0.19544,0.137736,0.01241,-0.123559,-0.168771,-0.43508,-0.39205,-0.196891,-0.03124,0.016945,-0.173453,0.125829,0.096863,-0.133159,-0.048162,-0.178364,-0.3537,-0.303203,-0.303203,0.006327,0.006327,-0.103312,-0.103312,-0.221936,-0.221936,-0.094401,-0.021901,0.006428,-0.199287,0.059197,-0.05076,-0.032912,-0.066026,0.076984,-0.15242,-0.394491,-0.077032,-0.248405,-0.045725,0.159517,0.011585,-0.09814,-0.161494,-0.081526,-0.073712,-0.147681,-0.265262,-0.234875,-0.073357,-0.073357,-0.099559,-0.194572,-0.261374,-0.261374,-0.139657,-0.083802,-0.148824,-0.194251,-0.179176,-0.23457,-0.109022,0.049564,-0.069088,-0.329693,-0.025742,-0.184951,-0.164648,-0.135201,-0.135201,-0.143193,-0.154377,-0.284174,-0.15235,-0.085028,-0.229593,-0.203063,0.05362,0.05362,-0.255752,-0.255752,-0.04259,-0.219388,-0.219388,-0.162921,-0.162921,-0.208225,Standing
-0.342233,-0.342233,-0.298542,-0.326765,-0.259437,0.437525,0.097106,-0.473853,0.002809,-0.04906,0.06749,-0.096294,-0.111374,-0.340778,-0.340778,-0.105291,-0.302453,-0.302453,-0.214591,-0.198273,-0.291163,-0.003343,-0.363612,-0.091782,-0.278892,-0.133384,-0.193933,-0.053106,-0.342515,-0.332393,-0.200031,0.023886,-0.189802,-0.063094,-0.15534,-0.343691,-0.243562,-0.155714,-0.203774,-0.313808,-0.313808,-0.311471,-0.057259,-0.057259,0.062248,0.062248,-0.34675,-0.34675,-0.221921,-0.221921,-0.212363,-0.40678,-0.40678,-0.288419,-0.324357,-0.136526,-0.474108,-0.143398,-0.162027,0.126813,-0.084623,-0.260644,-0.034411,-0.141068,-0.137119,-0.165173,-0.062256,-0.178562,-0.417988,-0.102028,-0.230787,-0.399508,-0.21749,-0.098579,-0.098579,-0.122251,-0.109017,-0.148841,-0.242471,-0.300482,-0.437885,-0.077601,-0.071485,-0.071485,-0.086604,-0.024763,-0.109043,-0.228904,-0.075394,-0.201401,-0.194973,-0.234473,0.144589,0.003514,-0.002121,-0.203504,-0.22999,-0.281073,-0.373028,-0.238221,Standing
-0.407421,-0.407421,2.355158,1.147434,0.14224,-0.181678,-0.833735,0.129367,0.922358,0.797723,0.101493,-0.148833,0.003184,0.01199,0.243358,0.087034,-0.260552,-0.037858,0.169256,0.196651,-0.141856,-0.276647,0.014432,0.014432,0.116907,-0.00698,-0.266425,-0.130867,-0.05352,-0.056738,-0.056738,-0.219617,-0.173931,-0.025606,-0.161019,-0.004883,-0.07801,-0.149927,-0.247724,-0.125341,-0.14292,-0.058943,-0.20319,-0.169787,-0.105666,-0.207537,-0.161277,-0.098905,-0.198218,-0.02141,-0.02141,-0.266518,-0.266518,-0.143887,-0.298938,-0.295074,-0.364953,-0.149975,-0.149975,-0.203161,-0.172483,-0.180939,-0.294824,-0.286231,-0.078565,-0.295958,-0.30704,-0.072618,-0.146652,-0.184213,-0.204614,-0.186114,-0.327408,-0.250123,-0.142749,-0.142749,-0.14593,-0.193493,-0.193493,-0.217268,-0.217268,-0.252472,-0.249965,-0.281507,-0.281507,-0.21859,-0.186403,-0.193159,-0.205721,-0.172755,-0.098203,-0.321908,-0.179424,-0.27354,-0.247902,-0.015828,-0.241701,-0.294824,-0.238427,-0.236918,Standing
0.300413,0.300413,-1.964993,-3.159662,-6.498703,0.898168,12.391905,12.721008,18.877642,15.90317,20.613626,0.330798,-16.232243,-22.462128,-22.462128,19.901545,19.901545,12.42205,14.50653,14.50653,10.878243,-7.036718,-15.434322,-7.361859,14.283367,12.937978,10.236189,11.912701,13.023973,2.127672,-14.354092,-12.531266,15.998491,14.88895,11.664425,12.739643,11.788158,10.315844,-11.370781,-13.421246,-13.421246,13.879685,14.751563,16.539446,14.248909,5.0517,-12.293128,-12.293128,-13.935216,11.079215,14.973806,15.532154,15.532154,14.102749,2.432545,-11.364473,-10.531921,6.379906,14.882484,13.312664,15.16338,14.243588,8.072919,-12.273608,-14.56271,1.142344,18.368628,12.191338,11.602272,12.602325,12.602325,12.972923,-17.800465,-14.834284,8.807013,13.240521,10.29687,10.29687,10.108654,12.292471,1.35901,-10.719055,-15.590739,1.114078,14.096396,8.231966,7.363194,11.914184,15.148499,-3.820424,-15.04648,-12.927677,11.275699,12.940866,9.103465,7.052093,9.021995,3.552242,-6.654377,-13.677135,Running
1.916536,1.916536,-4.506995,7.477389,15.911235,11.292244,9.949667,13.480944,12.987659,-2.45904,-11.208222,-9.728541,2.761107,2.761107,7.898422,7.898422,7.361341,9.353582,-1.672355,-1.672355,-11.173168,-8.687606,6.602972,12.033769,8.822663,10.754042,15.913225,4.389142,4.389142,-11.84072,-1.692246,16.041376,16.021866,10.069838,10.307489,13.943408,-1.758587,-11.998276,-13.952063,-4.120312,-4.120312,12.96682,12.96682,10.146557,11.909057,12.919132,-3.216157,-11.069849,-12.685869,1.249975,17.872845,11.250256,10.457541,13.339315,10.209641,-5.804601,-16.187263,-5.990596,10.95176,13.995154,9.861265,11.463581,15.239793,3.008658,-10.239721,-16.790117,-0.950086,-0.950086,16.88021,10.376316,10.376316,5.078458,5.078458,-4.962254,-11.036529,-5.271521,16.203773,12.880807,8.886299,11.261833,12.266754,12.266754,-10.314838,-13.749985,-2.846839,12.586274,8.549908,6.425698,9.080939,9.390144,-5.287123,-12.203129,-9.114121,9.848646,12.79613,12.79613,9.235642,13.419512,13.419512,-10.327865,Running
2.221946,2.221946,-7.704172,-10.204578,2.69948,17.69389,13.429123,13.429123,13.158327,9.65859,-7.56682,-15.388742,-6.604001,-6.604001,12.061059,12.061059,7.156232,8.011922,13.433666,0.865107,-15.525042,-10.233915,9.195869,15.925344,7.069539,8.348442,10.580294,-3.736074,-10.878026,-3.676805,13.422832,11.358536,6.891267,11.29808,10.886322,-0.546267,-11.862338,-11.862338,8.481867,11.795431,11.795431,9.62163,13.076652,13.076652,-14.025946,-14.025946,-12.636258,5.06265,11.476304,9.23195,13.10746,13.10746,-0.65414,-14.592692,-9.652962,2.285077,12.50435,7.899374,7.870136,8.034016,-4.053874,-11.113731,-8.408858,8.682655,11.080595,7.031618,10.125511,10.085585,2.396704,-13.080339,-10.709501,-0.136473,14.601121,10.558291,8.282672,10.838271,10.838271,-1.12294,-12.720577,-11.289421,8.414588,14.391207,9.668654,8.134576,15.128651,3.332233,-11.155935,-12.765718,-4.288213,16.410984,11.345117,8.734665,11.664628,12.536871,-7.077502,-12.811468,-6.263309,8.318001,9.266587,7.245494,Running
1.463566,1.463566,6.169349,12.296801,11.157435,-2.557462,-15.083504,-15.674061,16.076803,21.358442,21.358442,12.536055,14.006068,14.006068,8.008252,-9.272488,-21.334122,-0.657898,12.633326,12.633326,12.393003,17.29112,13.891622,8.104223,-14.726233,-18.143925,6.673007,17.278278,7.947095,10.027427,9.233693,11.345738,6.662699,-11.768057,-11.768057,3.761086,19.320004,14.394332,15.024952,15.305217,10.597512,8.351728,-11.70877,-11.70877,13.068705,13.068705,20.379496,21.209743,18.676886,13.735985,12.571945,-2.290958,-20.401234,-13.253191,12.098077,19.00711,15.378412,13.936638,14.032475,12.279818,0.770494,-11.363322,-14.019058,-14.019058,16.046852,16.046852,18.10653,18.10653,14.001377,17.618273,-11.591866,-11.591866,-18.20832,6.128111,16.86835,18.057554,15.74589,13.12495,16.192863,-4.042183,-17.059076,-16.07752,4.364211,16.494602,10.638096,11.818276,12.51149,17.085257,8.382873,-10.667113,-16.717598,6.446341,15.698234,15.698234,11.115237,11.115237,10.871691,15.845107,-12.58462,-13.454231,Running
1.186069,1.186069,0.025475,-2.577381,-6.588059,-0.003081,12.470619,15.029918,10.173779,13.856394,13.856394,12.073692,4.359505,-11.788841,-11.788841,-15.054348,-2.516662,16.264482,18.25175,12.943487,15.974556,20.505526,10.978583,-2.386847,-17.79291,-6.443183,12.886251,21.03813,13.79652,16.59626,16.665878,9.223181,-5.737395,-10.51635,4.784165,18.875048,12.286322,8.183146,11.815028,9.69754,1.854103,-10.550063,-7.130895,-7.130895,14.365209,11.854368,11.854368,17.400438,17.231165,8.788607,-6.031495,-12.483384,-5.468712,13.361612,17.054764,13.690323,13.345961,16.313887,10.313257,-4.728924,-15.540583,-5.571188,15.616809,15.616809,14.187171,17.15955,18.724213,7.271192,-8.405854,-16.365904,-16.365904,10.849537,18.851183,16.616974,16.616974,18.376577,18.376577,11.725198,-2.770517,-12.851477,-12.082811,4.637031,16.248041,14.972124,12.782948,14.156454,13.061649,1.870894,-13.126123,-12.09161,7.55908,16.320559,10.825933,9.880846,14.304153,7.833264,-6.4065,-14.138376,-7.391796,15.626068,Running
-0.359319,-0.359319,4.011746,3.969688,3.969688,-10.496927,-12.606166,-12.606166,19.444656,19.444656,23.318779,23.318779,14.282791,9.474254,-10.076178,-17.87264,-5.046351,15.415035,17.733408,19.888285,19.570381,10.85738,-5.539072,-19.510307,-4.913211,13.328848,21.438515,14.135201,20.28194,13.159569,3.868423,-12.586323,-12.586323,-10.908914,19.197193,11.221997,11.221997,17.799633,17.799633,-9.952966,-9.952966,-17.579504,-1.107959,16.124891,16.100002,16.910976,16.355623,10.845742,-3.509642,-16.9879,-6.66346,13.667419,18.569824,11.039117,15.532736,11.405392,-0.1914,-16.92796,-7.362597,14.848639,20.91041,15.508658,19.608606,19.608606,-0.610058,-0.610058,-16.245672,-10.884228,13.731035,20.067102,14.754703,16.753386,13.283159,4.693178,-16.689188,-8.205094,12.591655,17.731619,11.698533,12.07599,14.179026,0.179238,-12.84577,-9.503984,14.935087,14.786606,10.592346,9.776613,14.623961,8.361293,8.361293,-10.207176,6.626144,6.626144,14.725088,9.113968,9.113968,9.639398,9.11081,-3.754989,Running
1.370472,1.370472,8.988115,9.96166,14.369909,1.822509,-13.341079,-15.968847,-15.968847,15.883312,15.392416,18.114738,18.114738,20.449316,-11.44197,-11.44197,-18.762066,-6.358342,16.159664,17.771454,18.878405,19.849709,11.105834,-2.068632,-19.628517,-15.000516,12.715441,16.44814,14.087065,23.048782,14.745283,-1.920321,-16.755642,-11.953495,5.233739,16.696737,15.318913,14.086715,11.739553,11.739553,-16.909626,-2.608812,14.130122,13.875876,13.210293,14.70681,14.70681,-0.573698,-0.573698,-7.491557,-7.607055,14.63011,13.865157,9.075401,12.042859,12.454949,10.411594,-8.435875,-20.13,4.508711,17.932072,9.630043,10.999136,14.959905,11.296745,-17.157387,-2.883221,13.344811,11.004373,10.512194,10.512194,10.46327,2.213642,-14.200213,-1.120878,15.392236,15.392236,18.670383,12.582415,12.582415,-7.929267,-16.414906,-2.244787,15.015081,14.462322,14.156926,19.537025,5.749603,-8.672406,-11.413436,0.530042,15.932148,14.400603,11.209743,12.326563,4.900373,-5.732792,-9.882447,-4.430266,13.514693,Running
0.324449,0.324449,9.294422,8.241495,7.69208,10.776054,18.251406,18.251406,2.350479,-9.9444,-12.75668,-6.866942,14.966667,18.280817,10.930565,8.708305,15.714913,9.865818,-7.843425,-14.178483,-5.735113,15.182415,14.334509,7.278639,8.250719,11.597811,2.017969,-12.947723,-11.396957,9.948061,9.948061,9.920948,7.871988,12.022082,10.139822,10.139822,-10.137082,-12.051997,13.051865,13.051865,10.974554,8.155354,13.716102,13.639065,-3.813498,-12.095759,-7.820848,5.864028,14.476238,9.504875,9.55624,10.449732,11.726898,-9.556165,-15.711735,-3.411273,13.932744,13.083185,11.462801,13.562127,16.270687,1.89187,-14.95883,-14.95883,4.564164,17.189972,17.189972,11.900578,10.954086,11.096689,8.783094,-8.992978,-15.733413,-8.886673,6.25716,12.539314,9.165571,9.320882,12.30325,9.691327,-3.407567,-14.80802,-7.657809,8.6983,17.086964,13.693924,13.049645,13.049645,9.463268,9.463268,-16.100365,-16.100365,6.632394,18.456865,17.088282,13.885904,20.153603,11.827358,0.252433,-16.97901,Running
0.951708,0.951708,6.227476,3.055575,3.055575,-12.628584,-12.628584,-10.702814,12.363288,15.816508,15.816508,15.491509,15.639135,4.684594,-10.113408,-14.589802,-3.92414,14.052027,11.089367,9.025152,16.919298,9.905085,-6.661223,-11.44476,-5.451899,11.730789,8.389153,6.912494,10.632747,5.210368,-5.110202,-12.685026,-8.872908,3.959648,9.35437,8.366066,8.366066,9.773332,1.015129,-11.880601,-12.690986,-12.690986,11.404491,11.404491,8.551016,7.727787,9.368789,6.23943,-8.643957,-10.708297,6.330823,13.044487,9.824709,10.405377,12.041463,3.109717,-8.556449,-7.078353,5.377193,12.608711,8.9354,8.544794,9.52527,4.563314,-13.377131,-10.246027,2.034367,2.034367,12.087966,9.38371,9.142379,-1.958199,-1.958199,-12.621309,-12.521095,8.405645,15.501257,12.023627,16.830214,14.406693,4.720339,-17.429821,-9.139596,14.224161,16.113108,10.914944,12.075464,12.484466,-2.998258,-18.16576,-12.453423,16.641033,13.859825,11.802778,16.072786,14.979664,-5.634761,-16.496962,-16.496962,-12.872236,Running
2.508158,2.508158,2.121694,0.212363,-2.896465,-6.943784,-1.811082,-1.811082,15.608168,12.777529,12.777529,15.279703,17.87113,7.282144,-11.105443,-18.75046,-6.897957,14.528393,13.673405,11.93766,14.995632,15.065659,4.545591,-11.963382,-16.149654,4.155659,17.730486,14.433231,13.074096,12.228392,10.898853,-0.406574,-11.754323,-3.793825,15.582005,12.989464,10.009818,11.772283,13.052048,13.052048,-9.698354,-9.698354,-14.339552,17.027529,10.025778,9.766462,9.766462,12.871105,12.683159,1.124744,-13.695587,-8.243735,12.035103,16.686363,11.994896,11.116037,14.624205,5.828662,-8.610432,-12.044117,9.491188,16.984625,11.413884,9.320138,14.869922,12.313164,-2.444895,-13.010259,0.114425,16.226536,15.238202,12.495211,17.06258,12.956586,12.956586,-3.530051,-9.25064,14.329541,14.329541,12.88262,12.88262,14.689592,9.468707,-3.465122,-13.551816,-3.457071,14.922811,12.547885,8.96375,10.637466,12.619151,-2.050131,-12.478333,-0.198715,14.83681,10.717827,8.744416,13.967677,11.156843,0.069358,Running
-0.071819,-0.071819,-0.360728,0.084804,0.33012,1.520388,1.054803,1.054803,2.669287,2.669287,0.241248,0.693219,0.596907,0.168322,-0.963803,2.030609,-0.164152,3.1221,3.078443,1.590735,1.245053,4.770617,1.283387,1.510565,0.657993,0.210542,-0.323116,2.100726,1.306844,3.337402,1.671548,1.031239,1.587938,1.587938,1.727741,1.224472,1.224472,-0.041959,-0.556788,0.627045,2.160997,4.227433,4.64558,2.441167,0.917247,0.996161,5.914561,2.079056,2.267154,-0.308235,-0.840739,-1.022169,2.987454,-0.036289,2.56056,2.034876,0.718207,0.234332,1.203198,3.774588,3.774588,0.898081,-0.783369,-0.783369,-1.057654,-1.057654,1.189106,2.377179,3.876137,1.838332,0.771687,0.185015,1.673856,2.364064,2.65243,0.776682,-0.965353,-1.65164,-0.947556,0.802671,3.799607,3.460727,1.631838,0.663969,0.55455,1.317516,1.911601,1.655985,0.831549,-0.759969,-0.610214,-1.077815,-0.930978,-0.930978,-0.668829,0.644735,1.251466,1.251466,0.991489,0.413049,Walking
0.648833,0.648833,0.076985,-0.295492,-0.592993,-0.328286,-0.424485,1.160181,1.382649,2.229682,3.141533,1.628256,0.584992,0.584992,0.869617,4.425835,4.425835,4.046844,-0.894096,-0.894096,-1.154973,0.009711,0.569905,1.963201,1.623866,3.16388,1.752458,0.624253,0.508751,1.063957,1.384508,1.080295,1.645935,0.55154,-0.836862,-0.81741,-1.137136,-1.137136,-0.767276,-0.179611,2.449396,1.66743,1.66743,1.146188,0.326991,0.458335,0.628074,0.628074,1.458962,0.067084,0.067084,-0.591332,-0.591332,-0.81609,-1.134492,-0.120427,0.324274,3.078075,1.170404,1.430415,0.490006,0.193026,0.135268,0.774517,1.379387,0.615356,-0.304136,-0.487883,-0.980545,-1.099127,-0.721833,0.406535,1.697267,1.728429,1.680453,1.176704,0.437665,-0.026921,0.385851,0.392502,0.392502,1.626991,0.32301,-0.089681,-0.750753,-0.750753,-1.104029,-0.19549,-0.19031,-0.13795,0.28464,1.116096,0.384229,0.204278,-0.02522,0.003306,0.463057,0.969757,0.191909,0.805618,Walking
-0.697643,-0.697643,-0.199924,-0.424592,-0.277881,1.092497,0.337352,0.782398,0.819968,2.200969,-0.073919,-0.073919,0.669104,0.669104,-0.174694,-1.005758,4.321427,4.321427,0.680105,3.748891,2.756574,0.937635,0.128171,4.046029,3.138552,1.007278,0.553134,-1.242219,-0.668222,-0.777853,1.857566,2.121561,2.679336,0.934098,0.047952,3.373526,2.408546,0.522694,-0.378783,-1.020135,-1.422849,-0.779518,-0.779518,-0.178611,-0.178611,0.672678,0.672678,-0.266131,-0.022198,2.622783,2.079965,0.499869,-0.008108,-0.981617,-0.753877,-0.821098,1.728583,1.373051,1.313277,0.876037,0.419487,-0.359525,0.182795,2.507815,1.611325,0.157459,-0.507293,-1.081545,-0.758739,0.646735,0.128777,1.273377,0.940248,0.940248,-0.24744,-0.24744,-0.256805,1.110296,0.266392,0.226918,-0.874314,-1.149666,-0.610688,-0.066822,0.295325,-0.274812,0.141771,0.073441,0.992962,0.754915,0.337602,-0.118958,0.351981,0.524963,0.166454,1.475275,-0.689696,-0.43609,0.520123,0.426016,Walking
-0.647511,-0.647511,-0.156391,-0.821278,0.155385,0.788476,0.837563,0.837563,1.465082,1.972396,0.031506,0.465655,1.080424,-0.055573,-0.055573,-0.99305,-0.236076,2.589749,4.350516,3.56564,0.858249,-0.238879,0.940568,6.107978,2.474194,0.822024,-0.484125,-0.955225,0.375483,3.938551,3.155385,4.265726,1.904453,-0.230096,0.869032,5.036377,4.51992,3.811814,1.977992,-1.111164,-0.426891,2.252027,7.581589,4.354512,2.353241,2.353241,0.100461,0.100461,1.385485,2.550327,1.201694,-0.348115,-0.712949,-1.107348,-0.951753,-0.118282,2.931057,1.844184,2.208016,0.064951,0.121177,0.591508,1.603709,1.083258,0.356899,0.356899,-0.919128,-0.469703,-0.705623,2.131406,1.153397,1.656241,0.153462,-0.517368,0.452125,0.452125,0.296718,0.296718,-0.740987,-0.844143,-0.844143,-0.537643,0.009528,1.275325,0.517498,1.025376,0.168334,-0.028193,1.122655,2.213753,0.414246,0.387208,-0.807649,-1.075194,-0.527667,2.955047,1.763218,2.393665,0.507058,-0.208094,Walking
0.279069,0.279069,0.707552,-0.698897,-0.698897,0.07388,0.07388,0.254266,-0.047512,0.551017,0.522072,0.365826,0.740234,0.281884,-0.395438,1.388632,1.363393,1.955108,0.519568,-1.194244,-0.986358,-0.310839,3.450642,1.982021,0.842455,-0.737393,-0.634899,1.44105,3.955685,3.955685,1.894624,-1.574546,-1.66382,0.213607,0.213607,1.718983,1.201396,1.114933,0.978166,0.693487,-0.407015,2.452459,2.837525,0.609827,-0.230513,-0.572635,-0.677361,0.760619,0.625698,1.075197,0.546398,1.37827,2.123285,0.753252,0.749482,1.186761,2.901588,1.849186,0.427029,0.427029,-1.844933,-1.844933,-1.354121,4.889686,4.05304,3.368997,1.589409,0.546774,0.903363,3.732713,2.028204,1.995375,0.049557,-0.648931,-1.32557,-1.38394,4.01067,3.558312,4.151639,1.896184,0.394202,-0.68214,-0.256383,4.493908,4.685144,2.302223,-0.412003,-0.412003,-0.852493,0.059873,0.059873,3.811533,3.811533,-0.019646,-0.019646,-0.254714,-0.046718,1.631407,1.631407,1.122589,Walking
-0.185181,-0.185181,-1.319727,-0.921034,-0.393262,2.171592,1.906379,1.945874,0.202186,0.057081,2.036152,2.232369,0.592406,0.413702,-0.959964,-1.839904,0.079297,1.135848,2.058987,2.332989,0.965041,-0.038671,-0.038671,2.831207,2.862178,0.612656,-0.232411,-1.85839,-1.600712,-1.600712,1.520892,2.145817,2.831214,1.027367,0.559046,-0.053023,1.376187,2.000977,1.829936,1.058361,-0.540732,-1.927455,-1.003842,1.244515,2.699514,2.002816,0.942442,0.324841,0.231426,1.726868,2.435244,-0.375078,-0.246053,-0.246053,-1.112561,-0.84343,2.038406,1.42709,1.42709,0.515937,0.515937,0.268454,0.268454,1.693029,1.944979,0.31148,-0.162363,-1.146325,-1.151257,-0.797298,-0.173193,2.933236,2.225966,1.174506,0.572853,0.549777,0.834238,1.69961,0.691286,0.34934,-0.531689,-1.537645,-0.969507,-0.362054,-0.362054,1.508544,1.818565,0.851822,0.52544,0.059427,0.059427,1.609365,1.609365,1.172855,0.237659,-0.464765,-1.26937,-1.051951,-0.284252,0.953456,Walking
-0.761604,-0.761604,0.121078,-0.548465,-0.227072,0.615566,0.178736,1.055715,0.849933,0.849933,0.268455,-0.756796,-0.756796,-1.024221,2.139422,2.139422,-0.340173,2.080562,1.739154,0.754644,-0.127973,0.029223,3.490647,1.016158,0.093746,0.524569,-0.705929,-0.909258,-0.813895,1.373317,2.167208,2.82109,2.674493,1.385569,-0.167641,-0.008429,2.440448,2.440448,1.468277,0.137269,-0.8371,-1.244539,-0.752411,2.101795,2.101795,1.758136,3.153907,2.060095,0.72772,-0.076147,1.583157,2.577814,0.740922,0.906388,0.253741,-1.319845,-1.562182,1.819822,2.577533,3.131031,1.733356,0.825212,-0.31215,0.304028,1.648845,0.532511,0.678975,0.110463,-0.264171,-1.013273,-1.4262,0.304938,0.304938,1.438794,2.124128,1.75627,1.75627,0.263365,0.0364,0.666453,3.59112,2.892943,0.026414,-0.426314,-1.378357,-1.627442,-0.76108,1.542991,0.413103,2.488811,1.815252,0.939402,0.585056,0.611873,1.417432,2.419921,2.594112,-0.202274,-0.202274,-0.968219,Walking
-0.255266,-0.255266,-0.792226,0.490267,1.240727,0.830842,0.655059,1.472145,1.645883,-0.003665,0.415492,0.87592,0.298193,0.298193,-0.600068,4.086922,4.086922,0.765912,1.27667,1.304949,0.336443,0.126812,1.662515,2.191989,0.342347,-0.813433,-1.444922,-0.720024,-0.988195,1.655209,1.900412,1.812058,1.631126,0.560677,-0.218064,-0.402599,2.808072,1.088515,-0.285852,-0.220545,-1.373249,-1.199696,-0.760723,1.019437,1.019437,0.994013,0.600774,0.754467,0.538118,-0.147126,0.202591,1.889192,1.889192,-0.636548,-0.801246,-1.245464,-1.342303,-0.669624,2.256486,1.408667,1.402144,0.694624,0.125696,-0.301109,0.909006,3.088814,0.311476,0.165133,-0.274524,-0.936179,-1.116859,-0.376568,1.281408,0.491521,1.140725,1.076301,1.076301,0.458931,0.852606,0.852606,2.459618,-0.126673,-0.126673,-0.673986,-1.24784,-1.250586,-0.171431,1.09259,3.014398,2.272627,1.328228,0.131731,0.42244,1.026487,3.01606,1.915769,0.484056,-1.194583,-1.129961,-1.171982,Walking
-0.373788,-0.373788,0.07614,5.334237,4.234907,0.33756,0.965644,1.168092,2.795522,2.040389,-0.24043,-0.24043,-0.880393,0.521305,0.827351,1.255446,-1.012097,1.034259,1.651554,1.801836,1.080213,1.301868,2.30832,0.49797,0.819574,-0.282319,-0.107125,-0.823897,1.602017,0.982002,2.129975,0.71679,0.625615,-0.093568,1.151633,3.059675,0.954355,1.005511,-0.198678,-0.578289,-0.811538,-0.494432,1.549707,3.289346,2.583924,1.032332,0.231141,0.676909,0.676909,0.926919,1.286416,-0.471788,-0.471788,-0.944809,-0.944809,1.363481,1.472261,3.233235,1.907378,0.543434,0.164178,1.206988,1.470006,1.034179,0.445496,-0.826797,-0.712798,-0.238891,1.63788,1.500661,2.240402,0.548497,1.079321,0.409419,1.087142,1.087142,0.270111,0.65364,-0.535811,-0.535811,-0.604435,-0.604435,0.179607,1.256893,2.220163,0.904089,1.432476,0.436566,0.50721,0.714397,1.305481,1.238483,0.478377,-0.250844,-0.127946,0.533963,1.976769,1.537546,0.83496,0.312292,Walking
0.118553,0.118553,-0.545332,-1.178455,-1.178455,1.167253,2.157124,1.661825,0.883021,0.634663,2.481328,2.481328,1.30437,1.30437,0.368091,-0.838954,-0.933845,3.64733,0.855883,4.158541,2.096553,1.105835,-0.66328,0.621791,5.070925,1.856918,0.954372,-0.793489,-1.191446,-0.172591,2.3537,0.979123,2.490088,0.565558,-0.374602,0.475083,3.814604,0.774458,0.783631,0.783631,-0.891708,-0.891708,-0.337716,3.430436,-0.016834,2.194466,1.15619,-0.243512,0.50377,2.899646,-0.005571,0.746317,-0.18677,-0.92504,0.305505,2.299215,-0.454124,2.397734,0.945205,-0.247209,0.128822,3.45874,-0.359212,0.869563,-0.127444,-0.127444,-0.771427,-0.450895,1.275346,1.023251,2.206048,1.562672,0.382261,-0.289614,0.267568,2.314591,0.599549,-0.098476,0.221852,-1.227785,-0.849564,-0.779509,0.714127,0.420568,0.956988,0.708388,0.274734,-0.285269,1.147667,2.331759,1.968235,2.032963,-0.902763,-0.902763,-0.927981,0.661507,1.294867,1.294867,1.441939,1.441939,Walking
-0.771623,-0.771623,-2.323824,-2.752338,-2.45097,-0.93746,6.28485,2.756402,2.756402,3.242334,3.918814,6.635823,10.507528,18.195707,18.195707,22.839943,8.25415,6.191095,4.126677,9.430202,7.155105,10.015716,0.723938,2.393076,13.640159,18.64572,28.408508,13.113796,-0.817106,1.513932,4.881533,6.12257,2.16431,-1.936317,-1.936317,11.388661,12.526302,26.377253,26.377253,10.016179,-4.5573,2.611873,-2.155444,0.922488,0.981861,-1.178172,-0.237505,1.943103,5.427128,11.92063,16.547655,28.768162,18.251947,6.00441,5.468162,1.850925,1.555283,0.707126,1.073684,1.760582,5.337998,5.337998,8.537132,22.979437,12.291254,12.291254,4.048561,1.610986,-1.968335,-1.184172,3.514402,1.87814,-1.730367,-2.000344,1.511879,0.488133,25.47078,21.237553,24.188162,16.892605,-1.277784,-6.244718,0.000228,-0.019679,-0.019679,1.647268,1.489048,-0.673188,-4.107069,-4.107069,-8.253124,7.416161,7.416161,16.78165,15.836936,15.834576,29.131315,22.862198,17.441282,7.191927,Badminton
0.130669,0.130669,0.068821,1.076776,1.106951,6.979507,6.979507,5.526448,12.68751,28.281353,12.212637,2.695508,4.362091,1.439722,0.056754,4.681248,9.46049,4.77813,8.705316,18.696245,12.417027,4.393882,-1.603636,0.53456,0.202574,0.202574,4.04372,8.046962,8.046962,17.992743,1.4261,6.26541,14.18726,27.20738,19.991096,5.922827,0.856757,-4.18574,-1.499792,2.69432,2.007466,-0.894913,-0.609728,-0.549298,-0.416216,1.622963,-0.81477,-0.187989,6.173616,10.653095,6.068772,18.61019,3.592144,3.592144,-1.893679,-0.21577,-0.21577,0.222078,1.283395,1.283395,2.049775,2.049775,2.456584,2.253637,2.642323,2.320242,1.326611,-1.448187,15.030941,12.129501,5.690308,4.634069,6.569725,15.63417,29.363152,26.280546,16.492428,9.997568,4.185562,1.013015,1.135246,0.75377,-0.319845,-1.373341,-0.733017,-0.733017,-0.500584,-0.500584,-1.743114,-1.743114,-1.492494,1.251521,-1.72232,-1.72232,-6.587615,0.019402,10.99736,5.448675,3.880618,14.769772,Badminton
-0.592124,-0.592124,0.330361,0.834415,2.385987,2.385987,0.556966,0.111055,0.628035,0.628035,-1.369799,-1.369799,-2.526851,0.194443,0.194443,2.456769,8.209677,13.359024,19.865013,9.976207,2.27796,0.428317,-0.152973,-0.796999,-0.43834,-0.34165,-0.053646,-0.106297,0.084382,0.73838,1.291051,4.781242,11.429852,23.626205,22.607058,-1.44032,-1.44032,2.667098,5.121405,5.121405,3.139364,3.139364,3.287919,2.91,1.296037,-0.321187,2.221088,10.729059,8.691158,11.960352,7.371729,0.748106,1.431398,0.744652,-0.846807,-1.052182,-1.165689,0.433908,0.882093,0.985155,0.648418,3.899149,7.560155,7.560155,-2.456701,-1.483189,22.920322,3.060077,3.060077,2.421898,2.977151,-2.120728,-2.268824,-0.953892,0.791682,4.144262,9.44901,9.44901,27.1101,27.1101,-0.770033,-0.770033,1.193033,-1.369049,-0.896211,-2.003327,-1.24072,-0.790491,0.234605,2.125762,4.071154,3.142996,1.567428,1.869343,0.633303,18.863441,-2.562504,2.052066,-0.427342,-0.427342,Badminton
-0.166323,-0.166323,-0.2273,0.081961,2.985319,3.714295,5.123566,5.123566,1.934277,1.934277,9.595146,23.008554,1.483718,3.472195,2.296354,1.516054,0.167128,-0.257412,3.620402,5.229559,5.500012,15.311742,29.126005,-2.632734,3.452442,14.532681,13.888377,19.515387,14.803753,0.093219,0.093219,-0.604349,-2.154403,-2.154403,-2.51304,1.442817,4.344946,13.324367,17.409658,2.611435,-1.136499,0.782392,1.273306,2.558389,3.736392,7.837251,19.433733,13.42026,9.13287,25.871246,15.75037,15.526218,23.327515,1.82758,4.277356,1.175496,-0.528067,0.900786,4.122,9.269766,9.990976,25.509972,11.010164,8.504203,1.949031,-0.702096,-0.702096,4.710939,4.328833,4.328833,5.067588,19.24957,20.089771,7.918431,11.660852,8.655474,11.951458,11.614944,10.511136,1.244979,8.326054,7.594046,1.008481,7.235857,7.390644,1.753438,18.318577,29.023777,10.009113,6.449137,4.157961,5.110259,19.045622,18.969835,7.09777,7.09777,5.988524,6.835404,3.84588,3.84588,Badminton
0.052231,0.052231,-0.548047,-0.012414,1.011521,-0.484169,-1.27686,1.011774,1.829868,2.120556,2.120556,-0.135867,-0.135867,17.191116,2.801915,0.790672,0.790672,1.720672,-0.748353,-0.184469,-0.01151,-0.371224,-0.480371,1.590517,1.591592,7.661543,16.402634,22.81614,14.548894,-0.726083,-3.606665,-2.470355,-1.866242,-2.972295,-4.450536,-4.410252,-3.438087,-2.447785,-4.202509,9.974581,15.046455,8.248698,28.609226,6.669135,-1.816772,-1.816772,-1.011058,-1.011058,-0.221207,4.737394,3.244058,2.202449,1.398032,3.933248,-4.302154,2.228922,9.010148,-1.630447,-10.213043,15.192524,22.591616,14.927385,7.890259,6.502622,4.545393,1.948973,0.234295,-0.279396,-1.711413,-1.499739,-1.922562,-1.347565,1.325902,0.251431,0.251431,4.10769,4.10769,3.270422,-3.978425,-2.068148,9.097653,3.558437,1.95508,10.257607,25.174408,20.161015,-2.568313,0.65488,-0.813526,-0.563636,-2.579798,-2.579798,-2.0283,0.558956,3.878525,0.644979,3.540639,11.749453,1.14465,17.64946,Badminton
1.102297,1.102297,0.732385,-0.920942,-0.920942,-0.007309,0.7689,2.74994,6.124509,7.584331,5.82032,5.82032,4.252384,2.413871,6.762723,28.026657,28.026657,17.320156,11.104436,8.887936,5.510532,2.864203,1.198489,-0.339619,0.298232,-0.082866,-1.311864,-0.217896,-1.916793,-4.722529,-0.518163,0.699484,2.880201,7.857451,13.871069,18.024126,24.548294,12.199043,3.778424,1.684454,1.937527,1.265806,1.153049,0.191962,0.590658,1.463516,1.463516,2.20378,1.880041,0.132633,-2.280982,5.846597,10.24493,0.36655,23.123938,20.369907,4.830317,5.97667,0.933091,-1.074053,-1.535124,-2.843964,-4.466692,-1.977085,-1.034104,-1.034104,-0.152971,3.132268,2.795041,4.33773,12.786496,12.489007,15.265581,13.054003,13.054003,23.157085,25.897846,25.897846,19.226326,13.593466,5.517743,1.577532,1.577532,0.443568,0.443568,0.960194,2.14672,2.399849,2.969822,3.807897,2.801348,2.251025,0.27442,-1.606587,-0.250374,-0.28029,-0.28029,-1.362502,2.849978,15.885976,Badminton
1.686827,1.686827,0.882479,-1.349818,-2.882074,-2.167791,3.724496,3.724496,9.5438,9.5438,7.50011,7.50011,17.12429,8.001104,1.752601,-1.647462,1.25149,0.441278,0.708047,1.203661,2.62483,4.86998,-2.798478,-5.703418,2.512591,20.986364,23.799438,26.50722,4.437573,9.617672,-3.33621,-1.099901,4.285956,2.086313,2.086313,0.673776,-3.612425,0.489047,21.428917,21.428917,15.050072,27.615267,27.615267,23.968872,7.071899,2.886547,1.020496,-0.865536,-4.365707,1.581533,4.785892,5.878265,8.272423,12.17296,23.354649,9.554585,3.749157,-0.799412,0.062048,2.362556,3.409136,2.862491,16.530151,8.43048,3.810015,3.810015,-0.291376,-0.291376,0.878069,0.878069,2.9983,2.9983,5.533767,-3.319059,3.262473,3.262473,1.603885,4.643693,16.930538,2.979319,5.319689,2.795589,-1.442044,-1.466919,0.48909,1.738196,1.851965,1.192643,2.382976,2.339004,0.970309,0.164806,1.478036,2.713434,5.157674,8.141355,1.99185,6.013556,6.013556,16.020191,Badminton
1.142016,1.142016,0.840727,-0.013852,-0.117969,-0.891992,1.238552,1.238552,2.166201,3.915269,20.746006,20.746006,6.314988,1.719709,5.526621,-2.279624,-4.189076,0.005594,2.286758,2.792679,2.792679,10.894963,22.914282,1.518448,-6.764307,0.443768,2.057078,0.39841,-2.443698,0.233393,3.346711,4.741635,1.612594,2.056685,-0.889903,29.011864,14.296011,3.881154,9.595996,2.54158,2.54158,2.896197,2.896197,4.059815,6.796419,5.809544,1.637877,10.985018,10.415792,26.997185,26.997185,11.950981,11.336212,9.351306,5.637024,4.888613,-0.52258,1.98575,9.144775,6.732072,4.382076,4.382076,2.206334,-1.770951,-1.770951,-1.1494,7.499629,10.862268,2.732324,10.84017,10.84017,4.207675,1.39692,-1.485626,0.011322,-0.276645,1.437291,0.627366,0.013636,1.75087,3.438641,2.188768,-2.036194,-3.938515,-6.861679,-0.396282,7.010911,29.193157,9.157318,6.083257,1.532466,2.886932,2.26083,0.565641,1.422936,1.422936,1.268257,1.268257,0.327786,0.327786,Badminton
-0.39606,-0.39606,-0.268022,0.353698,0.019509,0.046675,1.473942,1.11252,0.788665,1.331374,2.174909,2.174909,5.033994,5.033994,5.323122,4.41245,1.978044,2.352644,6.244677,19.513924,6.7642,-1.788132,1.075759,1.233284,-0.453586,-0.453586,-0.338429,-0.649726,-0.895786,-0.492988,-0.381195,-1.057028,-1.566152,-0.300546,1.000154,1.000154,2.996957,19.172228,6.236474,6.236474,2.015671,-1.65908,-1.65908,-2.686077,-2.559848,-2.920795,-0.496976,0.203608,0.186817,0.215769,0.320382,-0.536633,-1.002283,-0.178338,4.478619,3.402654,-5.927079,-0.485431,2.591664,-0.484731,7.827384,13.909917,13.909917,1.174934,2.564805,3.495769,2.014211,-0.467314,-0.467314,-0.452497,-0.452497,-2.965723,-1.555926,-2.296014,-0.296673,-0.693031,1.081543,4.228957,5.61498,-1.199635,0.296852,1.331654,4.008551,-1.681412,-4.308269,-0.683732,5.999999,9.036291,9.036291,29.306435,8.241314,-4.240549,-1.140091,-1.39386,-1.39386,0.685694,1.015222,0.873364,-0.005607,-0.005607,Badminton
1.211973,1.211973,-0.605948,0.476761,2.502923,1.885719,1.064432,1.348911,-0.018416,0.205855,-1.791406,-1.791406,19.76445,17.45156,10.477423,7.937528,20.730759,29.210932,22.798185,9.716433,4.051289,3.204811,1.625685,0.950711,0.83831,1.81445,4.459977,9.695296,10.540136,10.540136,13.470055,13.470055,2.581541,-1.271124,-1.271124,-1.92519,12.764168,7.991649,7.991649,-0.141216,12.574171,14.135809,16.263723,12.247869,8.743608,6.394096,6.246069,0.907817,-3.082661,-2.695166,-1.56039,-0.17828,2.065186,-0.284523,3.291713,-2.446478,-1.911459,3.143687,9.96962,7.293747,7.83117,5.271797,11.802874,3.882938,13.02179,25.008305,20.597925,9.352051,9.352051,1.562592,3.447731,5.43623,1.236172,-1.524237,-1.657844,6.095256,3.929942,4.574257,-2.669635,2.576337,4.697536,4.377567,-0.319225,-2.559352,-0.666237,5.713467,5.713467,12.488177,4.591875,4.591875,13.075892,29.06857,16.726345,10.118518,5.219278,1.239144,0.261434,2.490353,4.12212,3.16927,Badminton
